{
  "start": 0,
  "goal": 1599,
  "path_nodes": [
    0,
    1,
    2,
    3,
    43,
    83,
    84,
    124,
    125,
    165,
    205,
    245,
    285,
    325,
    365,
    405,
    445,
    485,
    525,
    565,
    605,
    645,
    685,
    686,
    726,
    727,
    767,
    768,
    808,
    809,
    849,
    850,
    890,
    891,
    931,
    932,
    933,
    934,
    935,
    936,
    937,
    938,
    939,
    940,
    941,
    942,
    982,
    983,
    984,
    1024,
    1025,
    1026,
    1066,
    1067,
    1107,
    1108,
    1148,
    1188,
    1189,
    1229,
    1230,
    1270,
    1271,
    1272,
    1273,
    1274,
    1275,
    1276,
    1277,
    1278,
    1318,
    1358,
    1398,
    1438,
    1478,
    1518,
    1558,
    1598,
    1599
  ],
  "total_cost": 221.04022155089135,
  "total_realized_cost": 221.04022155089135,
  "nominal_cost": null,
  "robust_objective": null,
  "replans": 77,
  "expanded": 64945,
  "touched": 282011,
  "updated_edges_count": 752,
  "robust_path_nodes": {
    "count": 79,
    "path": [
      0,
      1,
      2,
      3,
      43,
      44,
      84,
      85,
      125,
      165,
      205,
      245,
      285,
      325,
      365,
      405,
      445,
      485,
      525,
      565,
      605,
      645,
      685,
      686,
      726,
      727,
      767,
      807,
      808,
      848,
      849,
      889,
      890,
      930,
      931,
      932,
      933,
      934,
      935,
      936,
      937,
      938,
      939,
      940,
      941,
      942,
      943,
      983,
      984,
      985,
      1025,
      1026,
      1066,
      1067,
      1107,
      1108,
      1148,
      1188,
      1189,
      1229,
      1230,
      1270,
      1271,
      1272,
      1273,
      1274,
      1275,
      1276,
      1316,
      1356,
      1357,
      1397,
      1437,
      1438,
      1478,
      1518,
      1558,
      1559,
      1599
    ]
  }
}